Product Name,Product Code,Category
Chettinad Chicken Masala,SK002,Masalas
Kuzhambu Chilli Powder,SK008,Masalas
SPL Kuzhambu Chilli Powder,SK008A,Masalas
SPL Biryani Masala,SK007,Masalas
Chicken Masala,SK054,Masalas
Mutton Masala,SK024,Masalas
Fish Fry Masala,SK025,Masalas
SPL Chettinad Garam Masala,SK048,Masalas
SPL Pepper Chicken Masala,SK041,Masalas
SPL Fish Curry Masala,SK045,Masalas
SPL Curry Masala,SK046,Masalas
SPL Instant 65 Masala,SK059,Masalas
SPL Sambar Powder,SK033A,Masalas
SPL Avarei Sambar Powder,SK033,Masalas
SPL Rasam Powder,SK075A,Masalas
SPL Avarei Rasam Powder,SK055,Masalas
SPL Idli Chilli Powder,SK072G,Masalas
Black Sesame Idli Chilli Powder,SK022A,Masalas
SPL Chilli Powder,SK036,Masalas
SPL Kashmiri Chilli Powder,SK043,Masalas
Chilli Powder,SK030,Masalas
Coriander Powder,SK035,Masalas
Roasted Country Coriander Powder,SK050,Masalas
Roasted Pepper Powder,SK004,Masalas
Cumin Powder,SK038,Masalas
Turmeric Powder,SK032,Masalas
SPL Garlic Satha Dal Powder,SK066A,Masalas
Curry Leaves Idly Podi,SK082,Masalas
White Sesame Idli Chilli Powder,SK019,Masalas
SPL Garlic Idly Podi,SK083,Masalas
Sombu Podi,SK049,Masalas
SPL ENDO 5 Chilli Powder,SK065,Masalas
TEJA Chilli Powder,SK042,Masalas
Crushed Idli Chilli Powder,SK072H,Masalas
Oil Roasted Chilli Powder,SK065A,Masalas
GUNDU Chilli Powder,SK084,Masalas
SPL Chicken 65 Masala,SK059A,Masalas
Moringa Masala Podi,SK089,Masalas
SPL Vatha Kuzhambu Masala,SK090,Masalas
Finger Turmeric,SKMI001,Masala Ingredients
Chilli,SKMI002,Masala Ingredients
S10 Chilli,SKMI003,Masala Ingredients
ENDO 5 Chilli,SKMI004,Masala Ingredients
GUNDU Chilli,SKMI005,Masala Ingredients
Kashmiri Chilli,SKMI006,Masala Ingredients
TEJA Chilli,SKMI007,Masala Ingredients
Coriander,SKMI008,Masala Ingredients
Pepper,SKMI009,Masala Ingredients
Cumin,SKMI010,Masala Ingredients
Fennel,SKMI011,Masala Ingredients
Large Mustard,SKMI012,Masala Ingredients
Fenugreek,SKMI013,Masala Ingredients
Garlic,SKMI014,Masala Ingredients
Dry Ginger,SKMI015,Masala Ingredients
Asafoetida,SKMI016,Masala Ingredients
Salt,SKMI017,Masala Ingredients
Cowpea,SKMI018,Masala Ingredients
Red Rice,SKMI019,Masala Ingredients
Green Peas,SKMI020,Masala Ingredients
Rajma,SKMI021,Masala Ingredients
Tamarind,SKMI022,Masala Ingredients
Coconut Flower,SKMI023,Masala Ingredients
Sapaattu Rice,SKMI024,Masala Ingredients
Idli Rice,SKMI025,Masala Ingredients
Raw Rice,SKMI026,Masala Ingredients
Small Mustard,SKMI027,Masala Ingredients
Rava,SKMI028,Masala Ingredients
Maida,SKMI029,Masala Ingredients
Wheat,SKMI030,Masala Ingredients
Country Sugar,SKMI031,Masala Ingredients
Pearl Millet,SKMI032,Masala Ingredients
Ragi,SKMI033,Masala Ingredients
Black Kavuni Rice,SKMI034,Masala Ingredients
Samba Wheat,SKMI035,Masala Ingredients
Maize,SKMI036,Masala Ingredients
White Soya,SKMI037,Masala Ingredients
Pottu Kadalai,SKMI038,Masala Ingredients
White Sorghum,SKMI039,Masala Ingredients
Green Gram,SKMI040,Masala Ingredients
Almond,SKMI041,Masala Ingredients
Barley,SKMI042,Masala Ingredients
Sago,SKMI043,Masala Ingredients
Corn Flour,SKMI044,Masala Ingredients
SPL Sathu Maavu,SK058,Flour Varieties
Kadalai Maavu,SK068,Flour Varieties
Almond Flour,SK0AK,Flour Varieties
Green Gram Flour,SK0AR,Flour Varieties
Raw Rice Flour,SK0AC,Flour Varieties
Wheat Flour,SK0AQ,Flour Varieties
Idiyappam Flour,SK078,Flour Varieties
Maida Flour,SK0AF,Flour Varieties
Bajji Flour,SK071,Flour Varieties
Adai Flour,SK079,Flour Varieties
Ragi Flour,SK0AS,Flour Varieties
Sivappu Arisi Idiyappam Flour,SK0AU,Flour Varieties
Rava Dosa Flour,SK076,Flour Varieties
Pearl Millet Flour,SK0AT,Flour Varieties
Navadhanya Dosa Flour,SK080,Flour Varieties
Murukku Flour,SK077,Flour Varieties
Black Kavuni Rice Flour,SK0AY,Flour Varieties
Karasev Mix,SK081,Flour Varieties
Bengal Gram Dal,SKDV01,Dal Varieties
Red Gram Dal,SKDV02,Dal Varieties
Black Urad Dal,SKDV03,Dal Varieties
Whole Urad Dal,SKDV04,Dal Varieties
White Urad Dal,SKDV05,Dal Varieties
Split Moong Dal,SKDV06,Dal Varieties
Pottu Kadalai,SKDV07,Dal Varieties
Bengal Gram,SKDV08,Dal Varieties
Green Gram,SKDV09,Dal Varieties
Black Sesame,SKDV11,Dal Varieties
Black Chickpeas,SKDV12,Dal Varieties
White Chickpeas,SKDV13,Dal Varieties
Green Gram,SKDV10,Dal Varieties
Cinnamon,SKAMI01,Aroma Masala Ingredients
Cloves,SKAMI02,Aroma Masala Ingredients
Cardamom,SKAMI03,Aroma Masala Ingredients
Star Anise,SKAMI04,Aroma Masala Ingredients
Nutmeg,SKAMI05,Aroma Masala Ingredients
Mace,SKAMI06,Aroma Masala Ingredients
Biryani Leaf,SKAMI07,Aroma Masala Ingredients
Rotti Mookku,SKAMI08,Aroma Masala Ingredients
Sea Moss,SKAMI09,Aroma Masala Ingredients
Kasa Kasa,SKAMI10,Aroma Masala Ingredients
Cashew 1/2,SKCV01,Cashew Varieties
Cashew 1/4,SKCV02,Cashew Varieties
Cashew 1/8 SPL,SKCV03,Cashew Varieties
Cashew Kurunai,SKCV04,Cashew Varieties
PK Cashew,SKCV05,Cashew Varieties
SW,SKCV06,Cashew Varieties
Cashew,SK0DF1,Dry Fruits
Almond,SK0DF2,Dry Fruits
Pistachio,SK0DF3,Dry Fruits
Black Raisins,SK0DF4,Dry Fruits
Narthangai Raisins,SK0DF5,Dry Fruits
Fig,SK0DF6,Dry Fruits
Dates,SK0DF7,Dry Fruits
Walnut,SK0DF8,Dry Fruits
Salted Pistachio,SK0DF9,Dry Fruits
Papaya Seeds,SK0DF10,Dry Fruits
Pumpkin Seeds,SK0DF11,Dry Fruits
Sunflower Seeds,SK0DF12,Dry Fruits
Dry Fruits Mixture,SK088,Dry Fruits
